method,concept,guidance,k,tau,coverage_mean,coverage_std
pg,truck,3.0,10,0.05,0.0,0.0
pg,truck,3.0,10,0.2,0.24500000000000002,0.05338539126015656
pg,truck,3.0,10,0.35,0.425,0.04472135954999579
pg,truck,3.0,10,0.5,0.425,0.04472135954999579
pg,truck,3.0,10,0.65,0.425,0.04472135954999579
pg,truck,3.0,10,0.8,0.425,0.04472135954999579
pg,truck,3.0,10,0.95,0.425,0.04472135954999579
