method,concept,guidance,k,entropy_mean,entropy_std
pg,truck,3.0,10,0.35447668775210345,0.03354173339317108
pg,truck,5.0,10,0.3223399840103581,0.03457409840953242
pg,truck,7.5,10,0.30923165636381134,0.00876518933478018
