method,concept,guidance,k,tau,coverage_mean,coverage_std
pg,truck,5.0,10,0.05,0.0,0.0
pg,truck,5.0,10,0.2,0.195,0.05338539126015657
pg,truck,5.0,10,0.35,0.31000000000000005,0.06041522986797285
pg,truck,5.0,10,0.5,0.31000000000000005,0.06041522986797285
pg,truck,5.0,10,0.65,0.31000000000000005,0.06041522986797285
pg,truck,5.0,10,0.8,0.31000000000000005,0.06041522986797285
pg,truck,5.0,10,0.95,0.31000000000000005,0.06041522986797285
