method,concept,guidance,k,tau,coverage_mean,coverage_std
pg,truck,7.5,10,0.05,0.0,0.0
pg,truck,7.5,10,0.2,0.145,0.057879184513951125
pg,truck,7.5,10,0.35,0.275,0.03535533905932737
pg,truck,7.5,10,0.5,0.275,0.03535533905932737
pg,truck,7.5,10,0.65,0.275,0.03535533905932737
pg,truck,7.5,10,0.8,0.275,0.03535533905932737
pg,truck,7.5,10,0.95,0.275,0.03535533905932737
