method,num_prompts,vendi_inception,vendi_pixel,clip_score,one_minus_ms_ssim
base,48,1.8385708333333335,1.6385416666666668,37.75217916666667,0.8685645833333333
ourmethod,48,1.8787687499999999,1.6667958333333335,37.95224375,0.88253125
cads,48,1.8342791666666667,1.643225,37.820597916666664,0.8685770833333333
pg,48,1.8251249999999999,1.5795812500000002,37.80679791666667,0.8390770833333333
dpp,48,1.8692229166666667,1.7594729166666667,37.1263875,0.8654166666666666
mix,48,1.9496479166666667,1.7405916666666663,36.839354166666666,0.9233166666666667
apg,48,1.83360625,1.6384687500000001,37.767712499999995,0.8681104166666667
