method,num_prompts,vendi_inception,vendi_pixel,clip_score,one_minus_ms_ssim
base,80,2.8943625,2.2090675,36.9791,0.8699349999999999
ourmethod,80,2.89148625,2.68187,36.825306250000004,0.8861212500000001
cads,80,2.90771625,2.2208599999999996,37.06433375,0.8693899999999999
pg,80,2.92608125,2.420975,36.926903749999994,0.85704125
dpp,48,2.7705458333333333,2.4160291666666667,37.247637499999996,0.8630979166666667
mix,80,3.11109,2.7875924999999997,36.01759875,0.92559875
apg,80,2.86339625,2.47631375,36.8189025,0.8730174999999999
