method,concept,guidance,k,entropy_mean,entropy_std
ourmethod,truck,3.0,10,0.5796533112876598,0.03331335926286173
ourmethod,truck,5.0,10,0.50327974859937683,0.0386424512782241
ourmethod,truck,7.5,10,0.4106506563731911,0.028728518024539178
