method,concept,guidance,k,tau,coverage_mean,coverage_std
ourmethod,truck,7.5,10,0.05,0.0,0.0
ourmethod,truck,7.5,10,0.2,0.325,0.0447213595499958
ourmethod,truck,7.5,10,0.35,0.375,0.041833001326703784
ourmethod,truck,7.5,10,0.5,0.375,0.041833001326703784
ourmethod,truck,7.5,10,0.65,0.375,0.041833001326703784
ourmethod,truck,7.5,10,0.8,0.375,0.041833001326703784
ourmethod,truck,7.5,10,0.95,0.375,0.041833001326703784
