method,concept,guidance,k,tau,coverage_mean,coverage_std
ourmethod,truck,3.0,10,0.05,0.0,0.0
ourmethod,truck,3.0,10,0.2,0.355,0.07968688725254613
ourmethod,truck,3.0,10,0.35,0.495,0.010000000000000009
ourmethod,truck,3.0,10,0.5,0.495,0.010000000000000009
ourmethod,truck,3.0,10,0.65,0.495,0.010000000000000009
ourmethod,truck,3.0,10,0.8,0.495,0.010000000000000009
ourmethod,truck,3.0,10,0.95,0.495,0.010000000000000009
