method,concept,guidance,k,tau,coverage_mean,coverage_std
ourmethod,truck,5.0,10,0.05,0.0,0.0
ourmethod,truck,5.0,10,0.2,0.28500000000000003,0.08000000000000002
ourmethod,truck,5.0,10,0.35,0.42000000000000004,0.03316624790355398
ourmethod,truck,5.0,10,0.5,0.42000000000000004,0.03316624790355398
ourmethod,truck,5.0,10,0.65,0.42000000000000004,0.03316624790355398
ourmethod,truck,5.0,10,0.8,0.42000000000000004,0.03316624790355398
ourmethod,truck,5.0,10,0.95,0.42000000000000004,0.03316624790355398
