method,concept,guidance,k,tau,coverage_mean,coverage_std
cads,truck,7.5,10,0.05,0.0,0.0
cads,truck,7.5,10,0.2,0.15499999999999997,0.05338539126015655
cads,truck,7.5,10,0.35,0.265,0.04636809247747852
cads,truck,7.5,10,0.5,0.265,0.04636809247747852
cads,truck,7.5,10,0.65,0.265,0.04636809247747852
cads,truck,7.5,10,0.8,0.265,0.04636809247747852
cads,truck,7.5,10,0.95,0.265,0.04636809247747852
