method,concept,guidance,k,tau,coverage_mean,coverage_std
cads,truck,3.0,10,0.05,0.0,0.0
cads,truck,3.0,10,0.2,0.3,0.06892024376045111
cads,truck,3.0,10,0.35,0.41500000000000004,0.040620192023179784
cads,truck,3.0,10,0.5,0.41500000000000004,0.040620192023179784
cads,truck,3.0,10,0.65,0.41500000000000004,0.040620192023179784
cads,truck,3.0,10,0.8,0.41500000000000004,0.040620192023179784
cads,truck,3.0,10,0.95,0.41500000000000004,0.040620192023179784
