method,concept,guidance,k,entropy_mean,entropy_std
cads,truck,3.0,10,0.38987101040947236,0.037952276990226186
cads,truck,5.0,10,0.34529244026385914,0.03463519844377203
cads,truck,7.5,10,0.3067728383247889,0.021019949683232383
