method,concept,guidance,k,tau,coverage_mean,coverage_std
cads,truck,5.0,10,0.05,0.0,0.0
cads,truck,5.0,10,0.2,0.20999999999999996,0.060415229867972854
cads,truck,5.0,10,0.35,0.32,0.029154759474226504
cads,truck,5.0,10,0.5,0.325,0.027386127875258306
cads,truck,5.0,10,0.65,0.325,0.027386127875258306
cads,truck,5.0,10,0.8,0.325,0.027386127875258306
cads,truck,5.0,10,0.95,0.325,0.027386127875258306
