method,concept,guidance,k,tau,coverage_mean,coverage_std
dpp,truck,7.5,10,0.05,0.0,0.0
dpp,truck,7.5,10,0.2,0.225,0.07288689868556628
dpp,truck,7.5,10,0.35,0.35,0.03952847075210475
dpp,truck,7.5,10,0.5,0.35,0.03952847075210475
dpp,truck,7.5,10,0.65,0.35,0.03952847075210475
dpp,truck,7.5,10,0.8,0.35,0.03952847075210475
dpp,truck,7.5,10,0.95,0.35,0.03952847075210475
