method,concept,guidance,k,entropy_mean,entropy_std
dpp,truck,3.0,10,0.5387634967851748,0.05893904312703992
dpp,truck,5.0,10,0.48126142495510293,0.05649619111207294
dpp,truck,7.5,10,0.42272310844912947,0.05465223599111396
