method,concept,guidance,k,tau,coverage_mean,coverage_std
dpp,truck,3.0,10,0.05,0.0,0.0
dpp,truck,3.0,10,0.2,0.42000000000000004,0.04301162633521311
dpp,truck,3.0,10,0.35,0.475,0.022360679774997918
dpp,truck,3.0,10,0.5,0.475,0.022360679774997918
dpp,truck,3.0,10,0.65,0.475,0.022360679774997918
dpp,truck,3.0,10,0.8,0.475,0.022360679774997918
dpp,truck,3.0,10,0.95,0.475,0.022360679774997918
