method,concept,guidance,k,tau,coverage_mean,coverage_std
dpp,truck,5.0,10,0.05,0.0,0.0
dpp,truck,5.0,10,0.2,0.38,0.05338539126015655
dpp,truck,5.0,10,0.35,0.4149999999999999,0.05147815070493498
dpp,truck,5.0,10,0.5,0.4149999999999999,0.05147815070493498
dpp,truck,5.0,10,0.65,0.4149999999999999,0.05147815070493498
dpp,truck,5.0,10,0.8,0.4149999999999999,0.05147815070493498
dpp,truck,5.0,10,0.95,0.4149999999999999,0.05147815070493498
