method,concept,guidance,k,entropy_mean,entropy_std
dpp,truck,3.0,10,0.5061266403025417,0.06555109699447971
dpp,truck,5.0,10,0.4422618313468307,0.05426562415744207
dpp,truck,7.5,10,0.4119690191769564,0.06561598746920765
