method,concept,guidance,k,entropy_mean,entropy_std
standardFM,truck,3.0,10,0.15477966370787571,0.08456799548615812
standardFM,truck,5.0,10,0.10276187846807235,0.07710355657383136
standardFM,truck,7.5,10,0.07287465665716726,0.059331160359462766
