method,concept,guidance,num_images_mean,num_images_std,vendi_pixel_mean,vendi_pixel_std,vendi_inception_mean,vendi_inception_std,fid_mean,fid_std,fid_clean_mean,fid_clean_std,clip_score_mean,clip_score_std,one_minus_ms_ssim_mean,one_minus_ms_ssim_std,brisque_mean,brisque_std
dpp,truck,3.0,64.0,0.0,2.4405902846399417,0.08775318012487104,4.035160630941391,0.3248390426549568,125.31055205143528,0.9375180852371807,,,26.2342529296875,0.539248211385811,0.8319892365811392,0.02527399721931132,18.36410665512085,0.7610623818849254
dpp,truck,5.0,64.0,0.0,2.2306045619011714,0.08056427581313419,3.4381673336029053,0.2293774927378785,124.7836012553293,0.7644247981791993,,,25.9371337890625,0.3760009984159699,0.8105019272491336,0.018621003058064477,23.94172716140747,1.521865761547926
dpp,truck,7.5,64.0,0.0,2.153722039182278,0.045801974301606235,3.130510002374649,0.08808338391804138,124.39820853018611,0.6209133623538817,,,25.8087158203125,0.3380840324441998,0.8013521525566466,0.017551444471862198,32.459144115448,1.6662035948556657
