method,concept,guidance,num_images_mean,num_images_std,vendi_pixel_mean,vendi_pixel_std,vendi_inception_mean,vendi_inception_std,fid_mean,fid_std,fid_clean_mean,fid_clean_std,clip_score_mean,clip_score_std,one_minus_ms_ssim_mean,one_minus_ms_ssim_std,brisque_mean,brisque_std
pg,truck,3.0,64.0,0.0,2.4335086743027343,0.16279005861587717,4.533572554588318,0.3300417048855706,128.8031269622304,2.0645854717681864,,,26.481536865234375,0.25019045582891586,0.8380114308814518,0.01953700580928895,38.29957985877991,4.519022114613814
pg,truck,5.0,64.0,0.0,2.3092604518943096,0.12375289839309485,4.059127122163773,0.2945988292955651,127.49901911658455,1.2292026475378048,,,26.04754638671875,0.14775316340688635,0.8308897056721617,0.025323319932774896,35.912707567214966,6.388493950710564
pg,truck,7.5,64.0,0.0,2.2462549079404,0.09015198587111607,3.8279255628585815,0.37886015215154567,127.08180561838276,0.9615499887415084,,,26.111785888671875,0.17576228145403802,0.8115923360013403,0.0334889614895016,41.57549160718918,7.242788929369731
