method,concept,guidance,num_images_mean,num_images_std,vendi_pixel_mean,vendi_pixel_std,vendi_inception_mean,vendi_inception_std,fid_mean,fid_std,fid_clean_mean,fid_clean_std,clip_score_mean,clip_score_std,one_minus_ms_ssim_mean,one_minus_ms_ssim_std,brisque_mean,brisque_std
cads,truck,3.0,64.0,0.0,2.6552873743844145,0.08271256636369333,4.529269635677338,0.5228491226608991,128.11433742073,1.073243754705924,,,26.177581787109375,0.37082440776681713,0.8732599297002889,0.02633790877179134,20.453212022781372,1.2425954159349457
cads,truck,5.0,64.0,0.0,2.486022506758325,0.10227659576462002,4.010098606348038,0.3819917787963324,127.04605346138487,1.046373545592081,,,25.925872802734375,0.1602643508808416,0.8521906302857678,0.02190808291394782,23.070033192634583,1.677987001666749
cads,truck,7.5,64.0,0.0,2.353314951338239,0.08940459318782319,3.804808586835861,0.3087023355191269,126.74465044832169,0.9675685975473408,,,26.108642578125,0.122283783769457,0.8384152367408387,0.015540644489390862,29.834049105644226,3.416269913135507
