method,concept,guidance,num_images_mean,num_images_std,vendi_pixel_mean,vendi_pixel_std,vendi_inception_mean,vendi_inception_std,fid_mean,fid_std,fid_clean_mean,fid_clean_std,clip_score_mean,clip_score_std,one_minus_ms_ssim_mean,one_minus_ms_ssim_std,brisque_mean,brisque_std
ourmethod,truck,3.0,64.0,0.0,2.606968432938082,0.17319086159464409,4.272246479988098,0.374743197898726,126.1848998495746,0.853888989740214,,,26.502593994140625,0.37284559042270765,0.8232213482947555,0.02947601930431443,19.045527458190918,1.7637569136451712
ourmethod,truck,5.0,64.0,0.0,2.341088915685451,0.09576798774905473,3.7040012776851654,0.20459510261831426,125.53502649129595,0.5828016230901799,,,26.154937744140625,0.3085078124954728,0.815798680683365,0.023933957906070183,22.715790271759033,1.9827034701417992
ourmethod,truck,7.5,64.0,0.0,2.264204468974662,0.0889883499876202,3.5780079066753387,0.1827794358174272,125.12646497731039,0.36376548723434227,,,26.04638671875,0.27980055537200427,0.806479691977147,0.026174687240576124,29.054327726364136,1.8779074357348535
